{
	"format_version": "1.8.0",
	"animations": {
		"eliacube": {
			"loop": "hold_on_last_frame",
			"animation_length": 18,
			"bones": {
				"Head": {
					"rotation": {
						"0.0": {
							"vector": [0, 0, 0]
						},
						"4.4167": {
							"vector": [11.27876, 20.36117, 1.50479],
							"easing": "easeInSine"
						},
						"6.3333": {
							"vector": [11.22307, -81.30115, -10.97618]
						},
						"8.125": {
							"vector": [-45.21917, 57.15332, -26.13716],
							"easing": "linear"
						},
						"9.375": {
							"vector": [-35, 0, 0]
						}
					}
				},
				"RightArm": {
					"rotation": {
						"0.0": {
							"vector": [0, 0, 0]
						},
						"1.3333": {
							"vector": [-53.75678, -25.80755, 18.07277]
						},
						"4.5": {
							"vector": [-77.5, 0, 0]
						},
						"8.625": {
							"vector": [-128.95658, 24.1782, -18.32252]
						},
						"12.0": {
							"vector": [-128.96, 24.18, -18.32]
						}
					}
				},
				"Selected_Item": {
					"rotation": {
						"0.0": {
							"vector": [0, 0, 0]
						},
						"2.375": {
							"vector": [0, 0, 0]
						},
						"8.125": {
							"vector": [1.14254, -15.99554, 1902.71917],
							"easing": "easeInExpo"
						},
						"9.125": {
							"vector": [0.68994, -37.34013, 419.8403]
						},
						"9.7917": {
							"vector": [2.15014, 25.39955, 215.86763]
						},
						"10.0": {
							"vector": [-36.51936, -13.2825, 149.46366]
						},
						"10.2917": {
							"vector": [5.34333, -67.43736, 56.49809],
							"easing": "linear"
						},
						"10.7083": {
							"vector": [24.17618, 13.04906, -56.07617]
						},
						"11.2917": {
							"vector": [-4.49082, 37.34331, -123.27939],
							"easing": "easeOutSine"
						},
						"12.0": {
							"vector": [-4.49, 37.34, -123.28]
						}
					},
					"position": {
						"0.0": {
							"vector": [0, 0, 0]
						},
						"4.5": {
							"vector": [1, -0.54342, -2.16903],
							"easing": "easeInSine"
						},
						"6.0": {
							"vector": [18.6025, 0.87246, -0.87616]
						},
						"6.25": {
							"vector": [22.53936, 6.90474, -0.95351]
						},
						"6.5417": {
							"vector": [24.25548, 13.97633, -1.16752]
						},
						"6.625": {
							"vector": [16.03343, 18.82057, -3.1317]
						},
						"6.7083": {
							"vector": [10.06937, 21.9359, -4.75598]
						},
						"6.8333": {
							"vector": [5.16243, 24.1478, -6.0934]
						},
						"6.9583": {
							"vector": [-0.75487, 21.05621, -6.77025]
						},
						"7.25": {
							"vector": [-7.18435, 12.73843, -3.94008]
						},
						"7.5833": {
							"vector": [-5.35996, 6.89781, -2.92532]
						},
						"7.7917": {
							"vector": [0.13953, -0.09522, -1.45144]
						},
						"8.0": {
							"vector": [13.25726, 1.09853, 1.20337],
							"easing": "easeInQuad"
						},
						"8.2083": {
							"vector": [15.13233, 1.59844, -0.54484]
						},
						"8.2917": {
							"vector": [12.14354, -0.10207, -1.40761],
							"easing": "linear"
						},
						"8.625": {
							"vector": [13.58385, -1.52, -2.87],
							"easing": "easeInSine"
						},
						"12.0": {
							"vector": [13.58, -1.52, -2.87]
						}
					}
				},
				"LeftArm": {
					"rotation": {
						"0.0": {
							"vector": [0, 0, 0]
						},
						"1.3333": {
							"vector": [-104.54529, 31.10884, 2.64646]
						},
						"2.9167": {
							"vector": [-93.80191, 36.59544, 0.93957]
						},
						"3.9167": {
							"vector": [-110.16183, 35.90094, 1.15563]
						},
						"4.8333": {
							"vector": [-110.63056, 36.78994, 0.87906]
						},
						"6.125": {
							"vector": [-112.00514, -29.56248, -6.52359]
						},
						"6.2917": {
							"vector": [-219.66599, -58.62799, 119.54283]
						},
						"7.125": {
							"vector": [-112.00514, -29.56248, -6.52359]
						},
						"8.625": {
							"vector": [-134.06091, -28.6665, 25.28669]
						},
						"12.0": {
							"vector": [-134.06, -28.67, 25.29]
						}
					}
				}
			}
		},
		"run": {
			"loop": true,
			"animation_length": 1,
			"override_previous_animation": true,
			"bones": {
				"premier": {
					"rotation": {
						"0.0833": {
							"vector": [52.47132, -7.49995, 0.00201]
						},
						"0.5": {
							"vector": [55.02843, 4.98519, 0.24097]
						},
						"1.0": {
							"vector": [52.47132, -7.49995, 0.00201]
						}
					}
				},
				"deuxieme": {
					"rotation": {
						"0.0833": {
							"vector": [24.96872, -7.47676, 0.63294]
						},
						"0.5": {
							"vector": [27.52866, 7.49995, 0.00175]
						},
						"1.0": {
							"vector": [24.96872, -7.47676, 0.63294]
						}
					}
				},
				"troisieme": {
					"rotation": {
						"0.0833": {
							"vector": [-0.00952, -4.99523, -0.21773]
						},
						"0.5": {
							"vector": [0.0769, 9.99017, 0.44385]
						},
						"1.0": {
							"vector": [-0.00952, -4.99523, -0.21773]
						}
					}
				},
				"froufrou": {
					"rotation": {
						"0.0833": {
							"vector": [-2.50005, -4.98097, -0.43596]
						},
						"0.5": {
							"vector": [0.07158, 7.47109, 0.65914]
						},
						"1.0": {
							"vector": [-2.50005, -4.98097, -0.43596]
						}
					}
				},
				"Body": {
					"rotation": {
						"0.0833": {
							"vector": [19.90542, 5.15002, -0.85828]
						},
						"0.5": {
							"vector": [20.11197, -8.59844, -0.86639]
						},
						"1.0": {
							"vector": [19.90542, 5.15002, -0.85828]
						}
					}
				},
				"RightArm": {
					"rotation": {
						"0.0833": {
							"vector": [-52.67868, -1.12938, 17.18083]
						},
						"0.5": {
							"vector": [86.04826, -12.73629, -13.90371]
						},
						"1.0": {
							"vector": [-52.67868, -1.12938, 17.18083]
						}
					},
					"position": {
						"0.0833": {
							"vector": [0, 0, 0.7]
						},
						"0.5": {
							"vector": [0, 0, -0.6]
						},
						"1.0": {
							"vector": [0, 0, 0.7]
						}
					}
				},
				"LeftArm": {
					"rotation": {
						"0.0833": {
							"vector": [59.49387, 19.79718, -2.89983]
						},
						"0.5": {
							"vector": [-59.4073, -10.85823, -6.23018]
						},
						"1.0": {
							"vector": [59.49387, 19.79718, -2.89983]
						}
					},
					"position": {
						"0.0833": {
							"vector": [0, 0, 0.4]
						},
						"0.5": {
							"vector": [0, 0, 1.7]
						},
						"1.0": {
							"vector": [0, 0, 0.4]
						}
					}
				},
				"RightLeg": {
					"rotation": {
						"0.0833": {
							"vector": [40, 0, 0]
						},
						"0.2917": {
							"vector": [82.50715, -4.73095, -1.78831]
						},
						"0.5": {
							"vector": [-44.98488, -0.4034, 5.46278]
						},
						"1.0": {
							"vector": [40, 0, 0]
						}
					},
					"position": {
						"0.0833": {
							"vector": [0, 0, 5]
						},
						"0.2917": {
							"vector": [0, -0.5, -3.5]
						},
						"0.5": {
							"vector": [0, -1, 2]
						},
						"1.0": {
							"vector": [0, 0, 5]
						}
					},
					"scale": {
						"vector": [1, 1, 1]
					}
				},
				"LeftLeg": {
					"rotation": {
						"0.0833": {
							"vector": [-42.48709, -0.51041, 0.44286]
						},
						"0.5": {
							"vector": [54.99127, 0.51754, -7.4319]
						},
						"0.75": {
							"vector": [81.25, 0, -3.49]
						},
						"1.0": {
							"vector": [-42.48709, -0.51041, 0.44286]
						}
					},
					"position": {
						"0.0833": {
							"vector": [0, 0, 1]
						},
						"0.5": {
							"vector": [0, 0, 5]
						},
						"0.75": {
							"vector": [0, 0, -3]
						},
						"1.0": {
							"vector": [0, 0, 1]
						}
					}
				}
			}
		},
		"jump": {
			"loop": true,
			"animation_length": 1,
			"bones": {
				"RightArm": {
					"rotation": {
						"vector": [-175, 0, 0]
					}
				},
				"LeftArm": {
					"rotation": {
						"vector": [-182.5, 0, 0]
					}
				},
				"RightLeg": {
					"position": {
						"vector": [0, 7, -4.175]
					}
				},
				"LeftLeg": {
					"rotation": {
						"vector": [0, 0, 0]
					},
					"position": {
						"vector": [0, 0, 0]
					},
					"scale": {
						"vector": [1, 1, 1]
					}
				},