{
	"format_version": "1.8.0",
	"animations": {
		"player.animation.run": {
			"loop": true,
			"animation_length": 1,
			"override_previous_animation": true,
			"start_delay": 0,
			"bones": {
				"premier": {
					"rotation": {
						"0.0833": {
							"vector": [52.47132, -7.49995, 0.00201]
						},
						"0.5": {
							"vector": [55.02843, 4.98519, 0.24097]
						},
						"1.0": {
							"vector": [52.47132, -7.49995, 0.00201]
						}
					}
				},
				"deuxieme": {
					"rotation": {
						"0.0833": {
							"vector": [24.96872, -7.47676, 0.63294]
						},
						"0.5": {
							"vector": [27.52866, 7.49995, 0.00175]
						},
						"1.0": {
							"vector": [24.96872, -7.47676, 0.63294]
						}
					}
				},
				"troisieme": {
					"rotation": {
						"0.0833": {
							"vector": [-0.00952, -4.99523, -0.21773]
						},
						"0.5": {
							"vector": [0.0769, 9.99017, 0.44385]
						},
						"1.0": {
							"vector": [-0.00952, -4.99523, -0.21773]
						}
					}
				},
				"froufrou": {
					"rotation": {
						"0.0833": {
							"vector": [-2.50005, -4.98097, -0.43596]
						},
						"0.5": {
							"vector": [0.07158, 7.47109, 0.65914]
						},
						"1.0": {
							"vector": [-2.50005, -4.98097, -0.43596]
						}
					}
				},
				"Body": {
					"rotation": {
						"0.0833": {
							"vector": [19.90542, 5.15002, -0.85828]
						},
						"0.5": {
							"vector": [20.11197, -8.59844, -0.86639]
						},
						"1.0": {
							"vector": [19.90542, 5.15002, -0.85828]
						}
					}
				},
				"RightArm": {
					"rotation": {
						"0.0833": {
							"vector": [-52.67868, -1.12938, 17.18083]
						},
						"0.5": {
							"vector": [86.04826, -12.73629, -13.90371]
						},
						"1.0": {
							"vector": [-52.67868, -1.12938, 17.18083]
						}
					},
					"position": {
						"0.0833": {
							"vector": [0, 0, 0.7]
						},
						"0.5": {
							"vector": [0, 0, -0.6]
						},
						"1.0": {
							"vector": [0, 0, 0.7]
						}
					}
				},
				"LeftArm": {
					"rotation": {
						"0.0833": {
							"vector": [59.49387, 19.79718, -2.89983]
						},
						"0.5": {
							"vector": [-59.4073, -10.85823, -6.23018]
						},
						"1.0": {
							"vector": [59.49387, 19.79718, -2.89983]
						}
					},
					"position": {
						"0.0833": {
							"vector": [0, 0, 0.4]
						},
						"0.5": {
							"vector": [0, 0, 1.7]
						},
						"1.0": {
							"vector": [0, 0, 0.4]
						}
					}
				},
				"RightLeg": {
					"rotation": {
						"0.0833": {
							"vector": [40, 0, 0]
						},
						"0.2917": {
							"vector": [82.50715, -4.73095, -1.78831]
						},
						"0.5": {
							"vector": [-44.98488, -0.4034, 5.46278]
						},
						"1.0": {
							"vector": [40, 0, 0]
						}
					},
					"position": {
						"0.0833": {
							"vector": [0, 0, 5]
						},
						"0.2917": {
							"vector": [0, -0.5, -3.5]
						},
						"0.5": {
							"vector": [0, -1, 2]
						},
						"1.0": {
							"vector": [0, 0, 5]
						}
					},
					"scale": {
						"vector": [1, 1, 1]
					}
				},
				"LeftLeg": {
					"rotation": {
						"0.0833": {
							"vector": [-42.48709, -0.51041, 0.44286]
						},
						"0.5": {
							"vector": [54.99127, 0.51754, -7.4319]
						},
						"0.75": {
							"vector": [81.25, 0, -3.49]
						},
						"1.0": {
							"vector": [-42.48709, -0.51041, 0.44286]
						}
					},
					"position": {
						"0.0833": {
							"vector": [0, 0, 1]
						},
						"0.5": {
							"vector": [0, 0, 5]
						},
						"0.75": {
							"vector": [0, 0, -3]
						},
						"1.0": {
							"vector": [0, 0, 1]
						}
					}
				}
			}
		},
		"player.animation.jump": {
			"loop": true,
			"bones": {
				"RightArm": {
					"rotation": {
						"vector": [-175, 0, 0]
					}
				},
				"LeftArm": {
					"rotation": {
						"vector": [-182.5, 0, 0]
					}
				},
				"RightLeg": {
					"position": {
						"vector": [0, 7, -5]
					}
				},
				"LeftLeg": {
					"rotation": {
						"vector": [0, 0, 0]
					},
					"position": {
						"vector": [0, 0, 0]
					},
					"scale": {
						"vector": [1, 1, 1]
					}
				}
			}
		},
		"player.animation.dash": {
			"loop": "hold_on_last_frame",
			"animation_length": 0.375,
			"bones": {
				"premier": {
					"rotation": {
						"0.0": {
							"vector": [52.47132, -7.49995, 0.00201]
						},
						"0.0833": {
							"vector": [48.74, -2.12, 0.22]
						},
						"0.375": {
							"vector": [47.49725, -0.32263, 0.29776]
						}
					}
				},
				"deuxieme": {
					"rotation": {
						"0.0": {
							"vector": [24.96872, -7.47676, 0.63294]
						},
						"0.0833": {
							"vector": [30.61, -0.96, -1.34]
						},
						"0.375": {
							"vector": [32.49057, 1.21697, -1.99582]
						}
					},
					"position": {
						"vector": [0, 0, 0]
					}
				},
				"troisieme": {
					"rotation": {
						"0.0": {
							"vector": [-0.00952, -4.99523, -0.21773]
						},
						"0.0833": {
							"vector": [1.84, -1.02, -0.33]
						},
						"0.375": {
							"vector": [2.4522, 0.30552, -0.37223]
						}
					},
					"position": {
						"vector": [0, 1, 0]
					}
				},
				"froufrou": {
					"rotation": {
						"0.0": {
							"vector": [-2.50005, -4.98097, -0.43596]
						},
						"0.0833": {
							"vector": [-2.5, -4.98, -0.44]
						}
					}
				},
				"oreilR": {
					"rotation": {
						"0.0833": {
							"vector": [-24.21, -8.1, -18.79]
						},
						"0.375": {
							"vector": [-24.20914, -8.10031, -18.7871]
						}
					}
				},
				"oreilL": {
					"rotation": {
						"0.0833": {
							"vector": [-14.8, 4.07, 11.57]
						},
						"0.375": {
							"vector": [-14.79755, 4.06878, 11.56517]
						}
					}
				},
				"Body": {
					"rotation": {
						"0.0": {
							"vector": [19.90542, 5.15002, -0.85828]
						},
						"0.0833": {
							"vector": [36.85, 1.29, -0.21]
						},
						"0.375": {
							"vector": [42.5, 0, 0]
						}
					},
					"position": {
						"vector": [0, 0, 0]
					}
				},
				"RightArm": {
					"rotation": {
						"0.0": {
							"vector": [-52.67868, -1.12938, 17.18083]
						},
						"0.0833": {
							"vector": [44.96, -0.28, 4.3]
						},
						"0.375": {
							"vector": [77.5, 0, 0]
						}
					},
					"position": {
						"0.0": {
							"vector": [0, 0, 0.7]
						},
						"0.375": {
							"vector": [0, 0, 2]
						}
					}
				},
				"LeftArm": {
					"rotation": {
						"0.0": {
							"vector": [59.49387, 19.79718, -2.89983]
						},
						"0.0833": {
							"vector": [78.62, 4.95, -0.72]
						},
						"0.375": {
							"vector": [85, 0, 0]
						}
					},
					"position": {
						"0.0": {
							"vector": [0, 0, 0.4]
						},
						"0.375": {
							"vector": [0, 0, 1]
						}
					}
				},
				"RightLeg": {
					"rotation": {
						"0.0": {
							"vector": [40, 0, 0]
						},
						"0.0833": {
							"vector": [58.74, -1.36, -0.87]
						},
						"0.375": {
							"vector": [64.98662, -1.81255, -1.15448]
						}
					},
					"position": {
						"0.0": {
							"vector": [0, 0, 5]
						},
						"0.375": {
							"vector": [0, 4, 0]
						}
					},
					"scale": {
						"vector": [1, 1, 1]
					}
				},
				"LeftLeg": {
					"rotation": {
						"0.0": {
							"vector": [-42.48709, -0.51041, 0.44286]
						},
						"0.0833": {
							"vector": [34.37, 1.17, 0.86]
						},
						"0.375": {
							"vector": [59.98488, 1.73196, 0.9997]
						}
					},
					"position": {
						"0.0": {
							"vector": [0, 0, 1]
						},
						"0.375": {
							"vector": [0, 2, 8]
						}
					}
				}
			}
		}
	},
	"geckolib_format_version": 2
}