{
	"format_version": "1.8.0",
	"animations": {
		"player.animation.run": {
			"loop": true,
			"animation_length": 1,
			"override_previous_animation": true,
			"start_delay": 0,
			"bones": {
				"premier": {
					"rotation": {
						"0.0833": {
							"vector": [52.47132, -7.49995, 0.00201]
						},
						"0.5": {
							"vector": [55.02843, 4.98519, 0.24097]
						},
						"1.0": {
							"vector": [52.47132, -7.49995, 0.00201]
						}
					}
				},
				"deuxieme": {
					"rotation": {
						"0.0833": {
							"vector": [24.96872, -7.47676, 0.63294]
						},
						"0.5": {
							"vector": [27.52866, 7.49995, 0.00175]
						},
						"1.0": {
							"vector": [24.96872, -7.47676, 0.63294]
						}
					}
				},
				"troisieme": {
					"rotation": {
						"0.0833": {
							"vector": [-0.00952, -4.99523, -0.21773]
						},
						"0.5": {
							"vector": [0.0769, 9.99017, 0.44385]
						},
						"1.0": {
							"vector": [-0.00952, -4.99523, -0.21773]
						}
					}
				},
				"froufrou": {
					"rotation": {
						"0.0833": {
							"vector": [-2.50005, -4.98097, -0.43596]
						},
						"0.5": {
							"vector": [0.07158, 7.47109, 0.65914]
						},
						"1.0": {
							"vector": [-2.50005, -4.98097, -0.43596]
						}
					}
				},
				"Body": {
					"rotation": {
						"0.0833": {
							"vector": [19.90542, 5.15002, -0.85828]
						},
						"0.5": {
							"vector": [20.11197, -8.59844, -0.86639]
						},
						"1.0": {
							"vector": [19.90542, 5.15002, -0.85828]
						}
					}
				},
				"RightArm": {
					"rotation": {
						"0.0833": {
							"vector": [-52.67868, -1.12938, 17.18083]
						},
						"0.5": {
							"vector": [86.04826, -12.73629, -13.90371]
						},
						"1.0": {
							"vector": [-52.67868, -1.12938, 17.18083]
						}
					},
					"position": {
						"0.0833": {
							"vector": [0, 0, 0.7]
						},
						"0.5": {
							"vector": [0, 0, -0.6]
						},
						"1.0": {
							"vector": [0, 0, 0.7]
						}
					}
				},
				"LeftArm": {
					"rotation": {
						"0.0833": {
							"vector": [59.49387, 19.79718, -2.89983]
						},
						"0.5": {
							"vector": [-59.4073, -10.85823, -6.23018]
						},
						"1.0": {
							"vector": [59.49387, 19.79718, -2.89983]
						}
					},
					"position": {
						"0.0833": {
							"vector": [0, 0, 0.4]
						},
						"0.5": {
							"vector": [0, 0, 1.7]
						},
						"1.0": {
							"vector": [0, 0, 0.4]
						}
					}
				},
				"RightLeg": {
					"rotation": {
						"0.0833": {
							"vector": [40, 0, 0]
						},
						"0.2917": {
							"vector": [82.50715, -4.73095, -1.78831]
						},
						"0.5": {
							"vector": [-44.98488, -0.4034, 5.46278]
						},
						"1.0": {
							"vector": [40, 0, 0]
						}
					},
					"position": {
						"0.0833": {
							"vector": [0, 0, 5]
						},
						"0.2917": {
							"vector": [0, -0.5, -3.5]
						},
						"0.5": {
							"vector": [0, -1, 2]
						},
						"1.0": {
							"vector": [0, 0, 5]
						}
					},
					"scale": {
						"vector": [1, 1, 1]
					}
				},
				"LeftLeg": {
					"rotation": {
						"0.0833": {
							"vector": [-42.48709, -0.51041, 0.44286]
						},
						"0.5": {
							"vector": [54.99127, 0.51754, -7.4319]
						},
						"0.75": {
							"vector": [81.25, 0, -3.49]
						},
						"1.0": {
							"vector": [-42.48709, -0.51041, 0.44286]
						}
					},
					"position": {
						"0.0833": {
							"vector": [0, 0, 1]
						},
						"0.5": {
							"vector": [0, 0, 5]
						},
						"0.75": {
							"vector": [0, 0, -3]
						},
						"1.0": {
							"vector": [0, 0, 1]
						}
					}
				}
			}
		},
		"player.animation.jump": {
			"loop": true,
			"bones": {
				"RightArm": {
					"rotation": {
						"vector": [-175, 0, 0]
					}
				},
				"LeftArm": {
					"rotation": {
						"vector": [-182.5, 0, 0]
					}
				},
				"RightLeg": {
					"position": {
						"vector": [0, 7, -5]
					}
				},
				"LeftLeg": {
					"rotation": {
						"vector": [0, 0, 0]
					},
					"position": {
						"vector": [0, 0, 0]
					},
					"scale": {
						"vector": [1, 1, 1]
					}
				}
			}
		}
	},
	"geckolib_format_version": 2
}