{
	"format_version": "1.8.0",
	"animations": {
		"player.animation.run": {
			"loop": true,
			"animation_length": 0.5,
			"bones": {
				"premier": {
					"rotation": {
						"0.0": {
							"vector": [52.47132, -7.49995, 0.00201]
						},
						"0.25": {
							"vector": [55.02843, 4.98519, 0.24097]
						},
						"0.5": {
							"vector": [52.47132, -7.49995, 0.00201]
						}
					}
				},
				"deuxieme": {
					"rotation": {
						"0.0": {
							"vector": [24.96872, -7.47676, 0.63294]
						},
						"0.25": {
							"vector": [27.52866, 7.49995, 0.00175]
						},
						"0.5": {
							"vector": [24.96872, -7.47676, 0.63294]
						}
					}
				},
				"troisieme": {
					"rotation": {
						"0.0": {
							"vector": [-0.00952, -4.99523, -0.21773]
						},
						"0.25": {
							"vector": [0.0769, 9.99017, 0.44385]
						},
						"0.5": {
							"vector": [-0.00952, -4.99523, -0.21773]
						}
					}
				},
				"froufrou": {
					"rotation": {
						"0.0": {
							"vector": [-2.50005, -4.98097, -0.43596]
						},
						"0.25": {
							"vector": [0.07158, 7.47109, 0.65914]
						},
						"0.5": {
							"vector": [-2.50005, -4.98097, -0.43596]
						}
					}
				},
				"Body": {
					"rotation": {
						"0.0": {
							"vector": [19.90542, 5.15002, -0.85828]
						},
						"0.25": {
							"vector": [20.11197, -8.59844, -0.86639]
						},
						"0.5": {
							"vector": [19.90542, 5.15002, -0.85828]
						}
					}
				},
				"RightArm": {
					"rotation": {
						"0.0": {
							"vector": [75, 0, 0]
						},
						"0.25": {
							"vector": [82.5, 0, 0]
						},
						"0.5": {
							"vector": [75, 0, 0]
						}
					},
					"position": {
						"0.0": {
							"vector": [0, 0, -0.3]
						},
						"0.25": {
							"vector": [0, 0, 2.4]
						},
						"0.5": {
							"vector": [0, 0, -0.3]
						}
					}
				},
				"LeftArm": {
					"rotation": {
						"0.0": {
							"vector": [82.5, 0, 0]
						},
						"0.25": {
							"vector": [75, 0, 0]
						},
						"0.5": {
							"vector": [82.5, 0, 0]
						}
					},
					"position": {
						"0.0": {
							"vector": [0, 0, 2.4]
						},
						"0.25": {
							"vector": [0, 0, -0.3]
						},
						"0.5": {
							"vector": [0, 0, 2.4]
						}
					}
				},
				"RightLeg": {
					"rotation": {
						"0.0": {
							"vector": [40, 0, 0]
						},
						"0.25": {
							"vector": [-19.98709, -0.51041, 0.44286]
						},
						"0.5": {
							"vector": [40, 0, 0]
						}
					},
					"position": {
						"0.0": {
							"vector": [0, 0, 5]
						},
						"0.25": {
							"vector": [0, 0, 0]
						},
						"0.5": {
							"vector": [0, 0, 5]
						}
					}
				},
				"LeftLeg": {
					"rotation": {
						"0.0": {
							"vector": [-19.98709, -0.51041, 0.44286]
						},
						"0.25": {
							"vector": [40, 0, 0]
						},
						"0.5": {
							"vector": [-19.98709, -0.51041, 0.44286]
						}
					},
					"position": {
						"0.0": {
							"vector": [0, 0, 0]
						},
						"0.25": {
							"vector": [0, 0, 5]
						},
						"0.5": {
							"vector": [0, 0, 0]
						}
					}
				}
			}
		},
		"player.animation.jump": {
			"loop": true,
			"bones": {
				"RightArm": {
					"rotation": {
						"vector": [-175, 0, 0]
					}
				},
				"LeftArm": {
					"rotation": {
						"vector": [-182.5, 0, 0]
					}
				},
				"RightLeg": {
					"position": {
						"vector": [0, 7, -5]
					}
				},
				"LeftLeg": {
					"rotation": {
						"vector": [-7.48349, 0.06174, 0.27883]
					}
				}
			}
		}
	},
	"geckolib_format_version": 2
}